helpText,fieldValidation_regularExpression,defaultValue,value_2_key,helpTextSelect,scaleFactor,range_min,addreport,edit,values,value_1_key,inputType,name,range_stepValue,fieldValidation_maxLength,value_2_value,range,unitSymbol,range_max,id,fieldValidation,parametername,fieldValidation_minLength,value_1_value,shortname,isReadOnly,category_name,dependencyConfig,isMandatory
sample help text,,sample default value,downstreamdatapointid,False,,,True,True,"[{'key': 'upstreamdatapointid', 'value': 'TOP'}, {'key': 'downstreamdatapointid', 'value': 'BOTTOM'}]",upstreamdatapointid,Options,Mounting position sample,,,BOTTOM,{},sample unit symbol,,LPHD1_InstallationFromBrk,,,,TOP,,True,Categoryname1,,True
,,sample device label default,,False,,1,True,True,[],,Scale,Device label,2,,,"{'min': '1', 'max': '100', 'stepValue': '2'}",,100,LPHD1_UserAppliName,,,,,,True,Categoryname2,,True
,1,sample device name default,,False,,,True,True,[],,Text,Device name,,20,,,,,pdmShortNameID-AssetName,"{'minLength': '1', 'maxLength': '20', 'regularExpression': '1'}",,1,,,False,Categoryname2,,False
sample usage help text,,default usage name,,False,,,True,True,"[{'key': 'lighting', 'value': 'lighting'}]",lighting,Options,Usage,,,,{},,,LPHD1_Usage,,,,lighting,,True,Categoryname3,,True
