{
  "serviceMapping": {
    "commonDeviceAttributes": {
      "id": "5ab10668-2331-496c-b497-3b0114a05463",
      "globalVariables": [
        "deviceId",
        "electricalDatapoint"
      ],
      "services": [
        {
          "globalVariable": "deviceId",
          "reqType": "GET",
          "serviceUrl": "devices/<deviceId>",
          "rank": 1,
          "params": [
            {
              "paramName": "deviceId",
              "paramsType": "FromClientApp",
              "refType": "None",
              "rank": 0,
              "path": "",
              "conditions": []
            }
          ],
          "preConditions": [],
          "response": {
            "_id": "deviceId"
          }
        },
        {
          "globalVariable": "electricalDatapoint",
          "reqType": "GET",
          "serviceUrl": "data-points/<dataPointId>",
          "rank": 2,
          "params": [
            {
              "paramName": "dataPointId",
              "paramsType": "PathRef",
              "refType": "ListWithConditionOnResponse",
              "rank": 1,
              "path": "sensor._links.hasDataPoints._id",
              "conditions": [
                {
                  "propertyName": "type",
                  "operator": "Equals",
                  "value": "ELECTRICAL"
                }
              ]
            }
          ],
          "preConditions": [],
          "response": {
            "_id": "electricalDatapoint",
            "type": "ELECTRICAL"
          }
        }
      ]
    },
    "categories": [
      {
        "id": "73b2843e-194c-443b-8eac-69e8a4ff29b5",
        "pdmShortNameIds": [
          "LPHD1_UserAppliName",
          "pdmShortNameID-AssetName"
        ],
        "read": {
          "protocol": "C-API",
          "services": [
            {
              "reqType": "GET",
              "serviceUrl": "devices/<deviceId>",
              "rank": 1,
              "params": [
                {
                  "paramName": "deviceId",
                  "paramsType": "PathRef",
                  "refType": "Direct",
                  "rank": 0,
                  "path": "commonDeviceAttributes/globalVariables/deviceId",
                  "conditions": []
                }
              ],
              "response": {
                "_id": "someIdLocalToServer",
                "_timeToLive": "5",
                "_linksTimeToLive": "15",
                "name": "pdmShortNameID-AssetName",
                "label": "LPHD1_UserAppliName",
                "healthState": "NOMINAL",
                "quality": "GOOD",
                "_links": {
                  "hasMetadata": {
                    "name": {
                      "_id": "someIdLocalToServer"
                    },
                    "label": {
                      "_id": "someIdLocalToServer"
                    }
                  }
                },
                "communication": {
                  "pdmIdentifier": "15144",
                  "vendorUrl": "https://se.com",
                  "isRoot": "false",
                  "isOn": "true",
                  "healthState": "NOMINAL",
                  "commissioningHint": "Electropole - Main Switchboard",
                  "identifyTimer": "0",
                  "quality": "GOOD",
                  "_links": {
                    "hasMetadata": {
                      "commissioningHint": {
                        "_id": "someIdLocalToServer"
                      },
                      "identifyTimer": {
                        "_id": "someIdLocalToServer"
                      }
                    },
                    "hasNodes": [
                      {
                        "_id": "someIdLocalToServer"
                      }
                    ],
                    "hasUpstreamNetworking": {
                      "_id": "someIdLocalToServer"
                    },
                    "hasUpstreamNetworkingSettingGroup": {
                      "_id": "someIdLocalToServer"
                    },
                    "hasDateTime": {
                      "_id": "someIdLocalToServer"
                    }
                  }
                },
                "identification": {
                  "brand": "Schneider Electric",
                  "commercialReference": "LV43v09",
                  "serialNumber": "abcdef-12345-ghij",
                  "range": "compact NSX",
                  "model": "6.3.e",
                  "family": "circuit-breaker",
                  "quality": "GOOD",
                  "_links": {
                    "hasMetadata": {
                      "brand": {
                        "_id": "someIdLocalToServer"
                      },
                      "commercialReference": {
                        "_id": "someIdLocalToServer"
                      },
                      "serialNumber": {
                        "_id": "someIdLocalToServer"
                      },
                      "range": {
                        "_id": "someIdLocalToServer"
                      },
                      "model": {
                        "_id": "someIdLocalToServer"
                      },
                      "family": {
                        "_id": "someIdLocalToServer"
                      }
                    }
                  }
                },
                "sensor": {
                  "quality": "GOOD",
                  "_links": {
                    "hasDataPoints": [
                      {
                        "_id": "someIdLocalToServer"
                      }
                    ]
                  }
                },
                "firmware": {
                  "version": "2.2.0",
                  "updateProtocol": "IP",
                  "mode": "BOOT",
                  "quality": "GOOD"
                },
                "hardware": {
                  "version": "1.2.1",
                  "type": "Engineering Prototype",
                  "quality": "GOOD"
                },
                "backup": {
                  "name": "Backup V1.2 of 2021-W18",
                  "createdAt": "2017-08-18T16:00:40+05:30",
                  "restoredAt": "2017-08-18T16:00:40+05:30",
                  "quality": "GOOD"
                },
                "electrical": {
                  "type": "BREAKER_WITH_LOAD",
                  "isIncomer": "false",
                  "ratedCurrent": "32",
                  "ratedVoltage": "230",
                  "tripCurveType": "B",
                  "quality": "GOOD",
                  "_links": {
                    "hasUpstreamDataPoint": {
                      "_id": "someIdLocalToServer"
                    },
                    "hasDownstreamDataPoint": {
                      "_id": "someIdLocalToServer"
                    },
                    "hasMetadata": {
                      "type": {
                        "_id": "someIdLocalToServer"
                      },
                      "isIncomer": {
                        "_id": "someIdLocalToServer"
                      },
                      "ratedCurrent": {
                        "_id": "someIdLocalToServer"
                      },
                      "ratedVoltage": {
                        "_id": "someIdLocalToServer"
                      },
                      "tripCurveType": {
                        "_id": "someIdLocalToServer"
                      }
                    }
                  },
                  "load": {
                    "name": "Lights of the main hall",
                    "zone": "Main hall",
                    "worksWhenPowerGreaterThan": "100",
                    "_links": {
                      "hasMetadata": {
                        "name": {
                          "_id": "someIdLocalToServer"
                        },
                        "zone": {
                          "_id": "someIdLocalToServer"
                        },
                        "worksWhenPowerGreaterThan": {
                          "_id": "someIdLocalToServer"
                        }
                      }
                    }
                  }
                },
                "panel": {
                  "name": "Panel #1",
                  "quality": "GOOD",
                  "_links": {
                    "hasMetadata": {
                      "name": {
                        "_id": "someIdLocalToServer"
                      }
                    }
                  }
                },
                "scheduling": {
                  "state": "AUTO",
                  "digitalInputMode": "MODE_PERMANENT_ON",
                  "quality": "GOOD",
                  "healthState": "NOMINAL",
                  "_links": {
                    "hasSchedules": [
                      {
                        "_id": "someIdLocalToServer"
                      }
                    ],
                    "digitalInput": {
                      "_id": "someIdLocalToServer"
                    },
                    "controls": {
                      "_id": "someIdLocalToServer"
                    },
                    "hasMetadata": {
                      "state": {
                        "_id": "someIdLocalToServer"
                      },
                      "digitalInputMode": {
                        "_id": "someIdLocalToServer"
                      }
                    }
                  }
                },
                "location": {
                  "latitude": "-17.660199",
                  "longitude": "-149.597837",
                  "_links": {
                    "hasMetadata": {
                      "latitude": {
                        "_id": "someIdLocalToServer"
                      },
                      "longitude": {
                        "_id": "someIdLocalToServer"
                      }
                    }
                  }
                }
              }
            }
          ]
        },
        "write": {
          "protocol": "C-API",
          "services": [
            {
              "reqType": "PUT",
              "serviceUrl": "devices/<deviceId>",
              "rank": 1,
              "params": [
                {
                  "paramName": "deviceId",
                  "paramsType": "PathRef",
                  "refType": "Direct",
                  "rank": 0,
                  "path": "commonDeviceAttributes/globalVariables/deviceId",
                  "conditions": []
                }
              ],
              "requestBody": {
                "name": "pdmShortNameID-AssetName",
                "label": "LPHD1_UserAppliName"
              },
              "preConditions": []
            }
          ]
        }
      },
      {
        "id": "3a1562e8-ed55-4d60-a5f4-3b1293f87aa4",
        "pdmShortNameIds": [
          "pdmShortNameID-Loadname",
          "LPHD1_InstallationFromBrk"
        ],
        "read": {
          "protocol": "C-API",
          "services": [
            {
              "reqType": "GET",
              "serviceUrl": "devices?hasFacet=ELECTRICAL&hasDataPoint=<hasDataPoint>",
              "rank": 1,
              "params": [
                {
                  "paramName": "hasDataPoint",
                  "paramsType": "PathRef",
                  "refType": "Direct",
                  "rank": 0,
                  "path": "commonDeviceAttributes/globalVariables/electricalDatapoint",
                  "conditions": []
                }
              ],
              "response": {
                "_timeToLive": "5",
                "devices": [
                  {
                    "_id": "someIdLocalToServer",
                    "commercialReference": "LV43v09",
                    "address": "slaveAddress | IEEEAddress | rfid"
                  }
                ]
              }
            },
            {
              "reqType": "GET",
              "serviceUrl": "devices/<deviceId>",
              "rank": 2,
              "params": [
                {
                  "paramName": "deviceId",
                  "paramsType": "PathRef",
                  "refType": "PreviousResponse",
                  "rank": 1,
                  "path": "devices._id",
                  "conditions": []
                }
              ],
              "response": {
                "_id": "someIdLocalToServer",
                "_timeToLive": "5",
                "_linksTimeToLive": "15",
                "name": "Incomer #1",
                "label": "Q03",
                "healthState": "NOMINAL",
                "quality": "GOOD",
                "_links": {
                  "hasMetadata": {
                    "name": {
                      "_id": "someIdLocalToServer"
                    },
                    "label": {
                      "_id": "someIdLocalToServer"
                    }
                  }
                },
                "communication": {
                  "pdmIdentifier": "15144",
                  "vendorUrl": "https://se.com",
                  "isRoot": "false",
                  "isOn": "true",
                  "healthState": "NOMINAL",
                  "commissioningHint": "Electropole - Main Switchboard",
                  "identifyTimer": "0",
                  "quality": "GOOD",
                  "_links": {
                    "hasMetadata": {
                      "commissioningHint": {
                        "_id": "someIdLocalToServer"
                      },
                      "identifyTimer": {
                        "_id": "someIdLocalToServer"
                      }
                    },
                    "hasNodes": [
                      {
                        "_id": "someIdLocalToServer"
                      }
                    ],
                    "hasUpstreamNetworking": {
                      "_id": "someIdLocalToServer"
                    },
                    "hasUpstreamNetworkingSettingGroup": {
                      "_id": "someIdLocalToServer"
                    },
                    "hasDateTime": {
                      "_id": "someIdLocalToServer"
                    }
                  }
                },
                "identification": {
                  "brand": "Schneider Electric",
                  "commercialReference": "LV43v09",
                  "serialNumber": "abcdef-12345-ghij",
                  "range": "compact NSX",
                  "model": "6.3.e",
                  "family": "circuit-breaker",
                  "quality": "GOOD",
                  "_links": {
                    "hasMetadata": {
                      "brand": {
                        "_id": "someIdLocalToServer"
                      },
                      "commercialReference": {
                        "_id": "someIdLocalToServer"
                      },
                      "serialNumber": {
                        "_id": "someIdLocalToServer"
                      },
                      "range": {
                        "_id": "someIdLocalToServer"
                      },
                      "model": {
                        "_id": "someIdLocalToServer"
                      },
                      "family": {
                        "_id": "someIdLocalToServer"
                      }
                    }
                  }
                },
                "sensor": {
                  "quality": "GOOD",
                  "_links": {
                    "hasDataPoints": [
                      {
                        "_id": "someIdLocalToServer"
                      }
                    ]
                  }
                },
                "firmware": {
                  "version": "2.2.0",
                  "updateProtocol": "IP",
                  "mode": "BOOT",
                  "quality": "GOOD"
                },
                "hardware": {
                  "version": "1.2.1",
                  "type": "Engineering Prototype",
                  "quality": "GOOD"
                },
                "backup": {
                  "name": "Backup V1.2 of 2021-W18",
                  "createdAt": "2017-08-18T16:00:40+05:30",
                  "restoredAt": "2017-08-18T16:00:40+05:30",
                  "quality": "GOOD"
                },
                "electrical": {
                  "type": "BREAKER_WITH_LOAD",
                  "isIncomer": "false",
                  "ratedCurrent": "32",
                  "ratedVoltage": "230",
                  "tripCurveType": "B",
                  "quality": "GOOD",
                  "_links": {
                    "LPHD1_InstallationFromBrk": {
                      "_id": "datapointID"
                    }
                  },
                  "load": {
                    "name": "pdmShortNameID-Loadname",
                    "zone": "Main hall",
                    "worksWhenPowerGreaterThan": "100",
                    "_links": {
                      "hasMetadata": {
                        "name": {
                          "_id": "someIdLocalToServer"
                        },
                        "zone": {
                          "_id": "someIdLocalToServer"
                        },
                        "worksWhenPowerGreaterThan": {
                          "_id": "someIdLocalToServer"
                        }
                      }
                    }
                  }
                },
                "panel": {
                  "name": "Panel #1",
                  "quality": "GOOD",
                  "_links": {
                    "hasMetadata": {
                      "name": {
                        "_id": "someIdLocalToServer"
                      }
                    }
                  }
                },
                "scheduling": {
                  "state": "AUTO",
                  "digitalInputMode": "MODE_PERMANENT_ON",
                  "quality": "GOOD",
                  "healthState": "NOMINAL",
                  "_links": {
                    "hasSchedules": [
                      {
                        "_id": "someIdLocalToServer"
                      }
                    ],
                    "digitalInput": {
                      "_id": "someIdLocalToServer"
                    },
                    "controls": {
                      "_id": "someIdLocalToServer"
                    },
                    "hasMetadata": {
                      "state": {
                        "_id": "someIdLocalToServer"
                      },
                      "digitalInputMode": {
                        "_id": "someIdLocalToServer"
                      }
                    }
                  }
                },
                "location": {
                  "latitude": "-17.660199",
                  "longitude": "-149.597837",
                  "_links": {
                    "hasMetadata": {
                      "latitude": {
                        "_id": "someIdLocalToServer"
                      },
                      "longitude": {
                        "_id": "someIdLocalToServer"
                      }
                    }
                  }
                }
              }
            }
          ]
        },
        "write": {
          "protocol": "C-API",
          "services": [
            {
              "reqType": "GET",
              "serviceUrl": "devices?hasFacet=ELECTRICAL&hasDataPoint=<hasDataPoint>",
              "rank": 1,
              "params": [
                {
                  "paramName": "hasDataPoint",
                  "paramsType": "PathRef",
                  "refType": "Direct",
                  "rank": 0,
                  "path": "commonDeviceAttributes/globalVariables/electricalDatapoint",
                  "conditions": []
                }
              ],
              "preConditions": [],
              "response": {
                "_timeToLive": "5",
                "devices": [
                  {
                    "_id": "someIdLocalToServer",
                    "commercialReference": "LV43v09",
                    "address": "slaveAddress | IEEEAddress | rfid"
                  }
                ]
              }
            },
            {
              "reqType": "POST",
              "serviceUrl": "devices",
              "rank": 2,
              "params": [],
              "requestBody": {
                "electrical": {
                  "load": {
                    "name": "pdmShortNameID-Loadname"
                  },
                  "_links": {
                    "LPHD1_InstallationFromBrk": {
                      "_id": "datapointID"
                    }
                  }
                }
              },
              "preConditions": [
                {
                  "paramName": "",
                  "paramsType": "None",
                  "refType": "PreviousResponse",
                  "rank": 1,
                  "path": "",
                  "conditions": [
                    {
                      "propertyName": "devices._id",
                      "operator": "Equals",
                      "value": ""
                    }
                  ]
                }
              ]
            },
            {
              "reqType": "PUT",
              "serviceUrl": "devices/<deviceId>",
              "rank": 3,
              "params": [
                {
                  "paramName": "deviceId",
                  "paramsType": "PathRef",
                  "refType": "PreviousResponse",
                  "rank": 1,
                  "path": "devices._id",
                  "conditions": []
                }
              ],
              "requestBody": {
                "electrical": {
                  "load": {
                    "name": "pdmShortNameID-Loadname"
                  },
                  "_links": {
                    "LPHD1_InstallationFromBrk": {
                      "_id": "datapointID"
                    }
                  }
                }
              },
              "preConditions": [
                {
                  "paramName": "",
                  "paramsType": "None",
                  "refType": "PreviousResponse",
                  "rank": 1,
                  "path": "",
                  "conditions": [
                    {
                      "propertyName": "devices._id",
                      "operator": "NotEquals",
                      "value": ""
                    }
                  ]
                }
              ]
            }
          ]
        }
      }
    ],
    "alarms": [
      {
        "id": "7d84f157-7e3b-4599-9a88-14dac9722306",
        "pdmShortNameIds": [
          "CALH1_IOverloadAlm",
          "CALH1_OverVAlm",
          "CALH1_AEFAlm"
        ],
        "read": {
          "protocol": "C-API",
          "services": [
            {
              "reqType": "GET",
              "serviceUrl": "data-points/<dataPointId>",
              "rank": 1,
              "params": [
                {
                  "paramName": "dataPointId",
                  "paramsType": "PathRef",
                  "refType": "Direct",
                  "rank": 0,
                  "path": "commonDeviceAttributes/globalVariables/electricalDatapoint",
                  "conditions": []
                }
              ],
              "preConditions": [],
              "response": {
                "_id": "someIdLocalToServer",
                "_timeToLive": "5",
                "_linksTimeToLive": "15",
                "type": "ELECTRICAL",
                "electrical": {
                  "slot1Phase": "+A",
                  "slot2Phase": "+A",
                  "slot3Phase": "+A",
                  "slot4Phase": "+A",
                  "neutralVT": true,
                  "powerFactorSign": "IEC",
                  "quality": "GOOD",
                  "operationCounter": "5",
                  "_links": {
                    "hasMetadata": {
                      "slot1Phase": {
                        "_id": "someIdLocalToServer"
                      },
                      "slot2Phase": {
                        "_id": "someIdLocalToServer"
                      },
                      "slot3Phase": {
                        "_id": "someIdLocalToServer"
                      },
                      "slot4Phase": {
                        "_id": "someIdLocalToServer"
                      },
                      "neutralVT": {
                        "_id": "someIdLocalToServer"
                      },
                      "powerFactorSign": {
                        "_id": "someIdLocalToServer"
                      }
                    }
                  }
                },
                "_links": {
                  "hasMeasurements": [
                    {
                      "_id": "someIdLocalToServer",
                      "pdmShortNameId": "Whr"
                    }
                  ],
                  "hasAlarms": [
                    {
                      "_id": "someIdLocalToServer",
                      "pdmShortNameId": "Whr"
                    }
                  ],
                  "hasEvents": [
                    {
                      "_id": "someIdLocalToServer",
                      "pdmShortNameId": "Whr"
                    }
                  ],
                  "hasControls": [
                    {
                      "_id": "someIdLocalToServer",
                      "pdmShortNameId": "Whr"
                    }
                  ],
                  "belongsToDevice": {
                    "_id": "someIdLocalToServer"
                  }
                }
              }
            },
            {
              "reqType": "GET",
              "serviceUrl": "alarms/<alarmId>",
              "rank": 2,
              "params": [
                {
                  "paramName": "alarmId",
                  "paramsType": "PathRef",
                  "refType": "ListWithCondition",
                  "rank": 1,
                  "path": "_links.hasAlarms._id",
                  "conditions": [
                    {
                      "propertyName": "_links.hasAlarms.pdmShortNameId",
                      "operator": "Equals",
                      "value": "CALH1_IOverloadAlm"
                    }
                  ]
                }
              ],
              "preConditions": [],
              "response": {
                "_id": "someIdLocalToServer",
                "_timeToLive": "5",
                "_linksTimeToLive": "15",
                "timestamp": "2017-08-18T16:00:40+05:30",
                "pdmShortNameId": "Whr",
                "quality": "GOOD",
                "detection": "NOT_DETECTED",
                "isShelved": "true",
                "isConfirmed": "true",
                "isAcknowledged": "false",
                "isActive": "true",
                "pickupThreshold": "CALH1_IOverloadAlm",
                "pickupDelay": "1000",
                "dropoutThreshold": "0.7",
                "dropoutDelay": "1000",
                "_links": {
                  "hasMetadata": {
                    "pickupThreshold": {
                      "_id": "someIdLocalToServer"
                    },
                    "pickupDelay": {
                      "_id": "someIdLocalToServer"
                    },
                    "dropoutThreshold": {
                      "_id": "someIdLocalToServer"
                    },
                    "dropoutDelay": {
                      "_id": "someIdLocalToServer"
                    }
                  }
                }
              }
            },
            {
              "reqType": "GET",
              "serviceUrl": "alarms/<alarmId>",
              "rank": 3,
              "params": [
                {
                  "paramName": "alarmId",
                  "paramsType": "PathRef",
                  "refType": "ListWithCondition",
                  "rank": 1,
                  "path": "_links.hasAlarms._id",
                  "conditions": [
                    {
                      "propertyName": "_links.hasAlarms.pdmShortNameId",
                      "operator": "Equals",
                      "value": "CALH1_OverVAlm"
                    }
                  ]
                }
              ],
              "preConditions": [],
              "response": {
                "_id": "someIdLocalToServer",
                "_timeToLive": "5",
                "_linksTimeToLive": "15",
                "timestamp": "2017-08-18T16:00:40+05:30",
                "pdmShortNameId": "Whr",
                "quality": "GOOD",
                "detection": "NOT_DETECTED",
                "isShelved": "true",
                "isConfirmed": "true",
                "isAcknowledged": "false",
                "isActive": "true",
                "pickupThreshold": "CALH1_OverVAlm",
                "pickupDelay": "1000",
                "dropoutThreshold": "0.7",
                "dropoutDelay": "1000",
                "_links": {
                  "hasMetadata": {
                    "pickupThreshold": {
                      "_id": "someIdLocalToServer"
                    },
                    "pickupDelay": {
                      "_id": "someIdLocalToServer"
                    },
                    "dropoutThreshold": {
                      "_id": "someIdLocalToServer"
                    },
                    "dropoutDelay": {
                      "_id": "someIdLocalToServer"
                    }
                  }
                }
              }
            },
            {
              "reqType": "GET",
              "serviceUrl": "alarms/<alarmId>",
              "rank": 4,
              "params": [
                {
                  "paramName": "alarmId",
                  "paramsType": "PathRef",
                  "refType": "ListWithCondition",
                  "rank": 1,
                  "path": "_links.hasAlarms._id",
                  "conditions": [
                    {
                      "propertyName": "_links.hasAlarms.pdmShortNameId",
                      "operator": "Equals",
                      "value": "CALH1_AEFAlm"
                    }
                  ]
                }
              ],
              "preConditions": [],
              "response": {
                "_id": "someIdLocalToServer",
                "_timeToLive": "5",
                "_linksTimeToLive": "15",
                "timestamp": "2017-08-18T16:00:40+05:30",
                "pdmShortNameId": "Whr",
                "quality": "GOOD",
                "detection": "NOT_DETECTED",
                "isShelved": "true",
                "isConfirmed": "true",
                "isAcknowledged": "false",
                "isActive": "true",
                "pickupThreshold": "CALH1_AEFAlm",
                "pickupDelay": "1000",
                "dropoutThreshold": "0.7",
                "dropoutDelay": "1000",
                "_links": {
                  "hasMetadata": {
                    "pickupThreshold": {
                      "_id": "someIdLocalToServer"
                    },
                    "pickupDelay": {
                      "_id": "someIdLocalToServer"
                    },
                    "dropoutThreshold": {
                      "_id": "someIdLocalToServer"
                    },
                    "dropoutDelay": {
                      "_id": "someIdLocalToServer"
                    }
                  }
                }
              }
            }
          ]
        },
        "write": {
          "protocol": "C-API",
          "services": [
            {
              "reqType": "GET",
              "serviceUrl": "data-points/<dataPointId>",
              "rank": 1,
              "params": [
                {
                  "paramName": "dataPointId",
                  "paramsType": "PathRef",
                  "refType": "Direct",
                  "rank": 0,
                  "path": "commonDeviceAttributes/globalVariables/electricalDatapoint",
                  "conditions": []
                }
              ],
              "preConditions": [],
              "response": {
                "_id": "someIdLocalToServer",
                "_timeToLive": "5",
                "_linksTimeToLive": "15",
                "type": "ELECTRICAL",
                "electrical": {
                  "slot1Phase": "+A",
                  "slot2Phase": "+A",
                  "slot3Phase": "+A",
                  "slot4Phase": "+A",
                  "neutralVT": true,
                  "powerFactorSign": "IEC",
                  "quality": "GOOD",
                  "operationCounter": "5",
                  "_links": {
                    "hasMetadata": {
                      "slot1Phase": {
                        "_id": "someIdLocalToServer"
                      },
                      "slot2Phase": {
                        "_id": "someIdLocalToServer"
                      },
                      "slot3Phase": {
                        "_id": "someIdLocalToServer"
                      },
                      "slot4Phase": {
                        "_id": "someIdLocalToServer"
                      },
                      "neutralVT": {
                        "_id": "someIdLocalToServer"
                      },
                      "powerFactorSign": {
                        "_id": "someIdLocalToServer"
                      }
                    }
                  }
                },
                "_links": {
                  "hasMeasurements": [
                    {
                      "_id": "someIdLocalToServer",
                      "pdmShortNameId": "Whr"
                    }
                  ],
                  "hasAlarms": [
                    {
                      "_id": "someIdLocalToServer",
                      "pdmShortNameId": "Whr"
                    }
                  ],
                  "hasEvents": [
                    {
                      "_id": "someIdLocalToServer",
                      "pdmShortNameId": "Whr"
                    }
                  ],
                  "hasControls": [
                    {
                      "_id": "someIdLocalToServer",
                      "pdmShortNameId": "Whr"
                    }
                  ],
                  "belongsToDevice": {
                    "_id": "someIdLocalToServer"
                  }
                }
              }
            },
            {
              "reqType": "PUT",
              "serviceUrl": "alarms/<alarmId>",
              "rank": 2,
              "params": [
                {
                  "paramName": "alarmId",
                  "paramsType": "PathRef",
                  "refType": "ListWithCondition",
                  "rank": 1,
                  "path": "_links.hasAlarms._id",
                  "conditions": [
                    {
                      "propertyName": "_links.hasAlarms.pdmShortNameId",
                      "operator": "Equals",
                      "value": "CALH1_IOverloadAlm"
                    }
                  ]
                }
              ],
              "requestBody": {
                "pickupThreshold": "CALH1_IOverloadAlm"
              },
              "preConditions": []
            },
            {
              "reqType": "PUT",
              "serviceUrl": "alarms/<alarmId>",
              "rank": 3,
              "params": [
                {
                  "paramName": "alarmId",
                  "paramsType": "PathRef",
                  "refType": "ListWithCondition",
                  "rank": 1,
                  "path": "_links.hasAlarms._id",
                  "conditions": [
                    {
                      "propertyName": "_links.hasAlarms.pdmShortNameId",
                      "operator": "Equals",
                      "value": "CALH1_OverVAlm"
                    }
                  ]
                }
              ],
              "requestBody": {
                "pickupThreshold": "CALH1_OverVAlm"
              },
              "preConditions": []
            },
            {
              "reqType": "PUT",
              "serviceUrl": "alarms/<alarmId>",
              "rank": 4,
              "params": [
                {
                  "paramName": "alarmId",
                  "paramsType": "PathRef",
                  "refType": "ListWithCondition",
                  "rank": 1,
                  "path": "_links.hasAlarms._id",
                  "conditions": [
                    {
                      "propertyName": "_links.hasAlarms.pdmShortNameId",
                      "operator": "Equals",
                      "value": "CALH1_AEFAlm"
                    }
                  ]
                }
              ],
              "requestBody": {
                "pickupThreshold": "CALH1_AEFAlm"
              },
              "preConditions": []
            }
          ]
        }
      }
    ]
  }
}